title,price,rating
NIMASO ガラスフィルム iPhone 13 Pro / iPhone13 用 保護フィルム ガイド枠付き 2枚セット 液晶画面,1199,"4,391レビュー"
サンディスク microSD 128GB UHS-I Class10 Nintendo Switch メーカー動作確認済 SanDisk Ultra SDSQUA4-128G-EPK エコパッケージ,2082,"12,129レビュー"
Amazonベーシック ハイスピードHDMIケーブル - 1.8m (タイプAオス - タイプAオス) HDMI2.0規格,767,"293,186レビュー"
Anker iPhone充電ケーブル PowerLine II ライトニングケーブル MFi認証 超高耐久 iPhone 13 / 13 Pro / 12 / SE(第2世代) / iPad 各種対応 (0.9m ホワイト),940,"68,576レビュー"
Apple Lightning - 3.5 mmヘッドフォンジャックアダプタ,1056,"11,135レビュー"
【2022年 Bluetooth イヤホン】ARZOLICO 第三世代 ワイヤレスイヤホン 革新Bluetooth5.1+EDR搭載 自動ペアリング ブルートゥースイヤホン IPX7防水 イヤフォン単体6時間再生 合計120時間連続再生 LEDディスプレイ残量表示 Type‐C急速充電 Hi-FiステレオコーデックAAC マイク内蔵 ハンズフリー通話 ダブルノイズキャンセリング 片耳/両耳 左右分離型 完全ワイヤレス イヤホン 快適装着 多機能ボタン操作 Bluetooth ヘッドホン (黒),3999,"1,608レビュー"
Anker PowerCore 10000 (10000mAh 大容量 モバイルバッテリー)【PSE技術基準適合/PowerIQ搭載】 iPhone&Android対応 2020年12月時点 (ブラック),2990,"35,507レビュー"
Anker USB Type C ケーブル PowerLine USB-C & USB-A 3.0 ケーブル Xperia/Galaxy/LG/iPad Pro/MacBook その他 Android 等 USB-C機器対応 テレワーク リモート 在宅勤務 0.9m ホワイト,699,"25,048レビュー"
【2022新登場Bluetooth5.1 / ENC技術】Bluetoothイヤホン ワイヤレスイヤホン ブルートゥースイヤホン 自動ペアリング マイク内蔵 ハンズフリー通話 IPX7防水 ぶるーとーすイヤホン 快適な装着感 片耳/両耳 左右分離型 片耳/両耳モード Bluetoothヘッドセット 小型/軽量 iPhone/Android適用,2680,73レビュー
キングストン microSD 128GB 最大100MB/s UHS-I V10 A1 Nintendo Switch動作確認済 Canvas Select Plus SDCS2/128GB,,"50,954レビュー"
Anker PowerPort 2 Elite (USB 急速充電器 24W 2ポート) 【PSE技術基準適合/PowerIQ搭載/折りたたみ式プラグ搭載/旅行に最適】 iPhone/iPad/Galaxy S9 / Xperia XZ1、その他Android各種対応 (ホワイト),1690,"24,834レビュー"
バッファロー microSD 128GB 100MB/s UHS-1 U1 microSDXC【 Nintendo Switch / ドライブレコーダー 対応 】V10 A1 IPX7 Full HD データ復旧サービス対応 RMSD-128U11HA/N,1980,"4,583レビュー"
Samsung microSDカード 128GB EVO Plus microSDXC UHS-I U3 最大転送速度130MB/秒 Nintendo Switch 動作確認済 MB-MC128KA/EC 国内正規保証品,1998,"11,642レビュー"
FUJIFILM インスタントカメラ チェキ用フィルム 20枚入 INSTAX MINI JP 2,1373,"6,890レビュー"
Anker Nano II 65W (PD 充電器 USB-C)【独自技術Anker GaN II採用/PD対応/PSE技術基準適合/折りたたみ式プラグ】MacBook PD対応Windows PC iPad iPhone Galaxy Android スマートフォン ノートPC 各種 その他機器対応 (ブラック),3990,"3,312レビュー"
次世代スマホコーティング スマホまもる君 硬度９H 抗菌作用 強化 ガラス 液晶 保護 フィルム,2000,"5,252レビュー"
2021 AirPods Pro Apple純正MagSafe充電ケース付き,26400,"1,804レビュー"
【2022改善型】DesertWest 車載ホルダー 片手操作 2in1 スマホホルダー 粘着ゲル吸盤＆エアコン吹き出し口式兼用 全車種対応 スマホスタンド 車 携帯ホルダー iphone 車載ホルダー 取り付け簡単 360度回転 伸縮アーム ワンタッチ 手帳型ケース対応 自由調節/日本語説明書付き/4-7インチ全機種対応 iPhone/Sony/SHARP/Samsung/Xiaomi など,,"7,691レビュー"
Apple AirTag,3800,"3,380レビュー"
スマホスタンド 卓上 スタンド ホルダー 高度調整可能 スマホ スタンド おりたたみ 滑り止め 携帯 スタンド For iPhone/ipad/Kindle/Nintendo Switchなど,999,"7,355レビュー"
エレコム ウェットティッシュ 液晶用 クリーナー 15枚入り 液晶画面にやさしいノンアルコールタイプ 日本製 WC-DP15PN4,173,"2,041レビュー"
NIMASO ガラスフィルム iPhone SE 第3世代 iPhone SE2 用 iPhone8 7 6 6s 用 液晶 保護 フィルム ガイド枠 2枚セット NSP20E74,950,"7,305レビュー"
Apple 20W USB-C電源アダプタ,1870,"2,446レビュー"
USB 充電器 2ポート 12W ACアダプター 1M iPhone 充電ケーブル 2本付き USB コンセント スマホ充電器 【PSE認証済み/急速】 軽量 コンパクト 海外対応 iPhone/iPad/Android 等のUSB機器対応,1599,"2,057レビュー"
バッファロー HDMI スリム ケーブル 1m ARC 対応 4K × 2K 対応 【 HIGH SPEED with Ethernet 認証品 】 BSHD3S10BK/N,600,916レビュー
Anker Soundcore Life P3（ワイヤレス イヤホン Bluetooth 5.0）【完全ワイヤレスイヤホン / Bluetooth5.0対応 / ワイヤレス充電対応/ウルトラノイズキャンセリング/外音取り込み / IPX5防水規格 / 最大35時間音楽再生 / ゲーミングモード/専用アプリ対応/通話ノイズリダクション/PSE技術基準適合】ブラック,8990,"6,908レビュー"
Amazonベーシック ハイスピードHDMIケーブル - 0.9m (タイプAオス - タイプAオス) HDMI2.0規格,543,"59,759レビュー"
バッファロー SDカード 32GB 100MB/s UHS-1 スピードクラス1 VideoSpeedClass10 IPX7 Full HD データ復旧サービス対応 RSDC-032U11HA/N,780,"1,355レビュー"
三脚 スマホ三脚 リモコン付き ビデオカメラ 一眼レフカメラ ミニ三脚 さんきゃく 3WAY雲台 4段階伸縮 360回転 収納袋付きiPhone/Android スマホ等対応…,2499,"7,192レビュー"
【Bluetooth5.0+EDR搭載・瞬時接続】Bluetooth イヤホン OFIYAA ワイヤレスイヤホン ドライバー搭載 36時間連続再生 自動ペアリング タッチ簡単操作 AAC/SBCコーデック対応 Type‐C急速充電 トゥルーワイヤレスイヤホン Hi-FiCVC8.0ノイズキャンセリング マイク内蔵 ハンズフリー通話 音量調整 Siri対応 IPX7防水 快適装着感 左右分離型 片耳/両耳モード Bluetoothヘッドセット 小型/軽量 日本語取扱説明書付き,,"2,701レビュー"
